Timestamp,imuTimestamp,Gyro_X (rad/s),Gyro_Y (rad/s),Gyro_Z (rad/s),Acc_X (g),Acc_Y (g),Acc_Z (g),Mag_X (¦ÌT),Mag_Y (¦ÌT),Mag_Z (¦ÌT),Euler_X,Euler_Y,Euler_Z,Quaternion_W,Quaternion_X,Quaternion_Y,Quaternion_Z,Linear_Acc_X (g),Linear_Acc_Y (g),Linear_Acc_Z (g)
2025-10-27 11:12:58.816,133.22,0.0,0.0,-0.001,-0.023,-0.024,-0.985,-40.86,40.33,-79.39,-0.0032,0.0043,-0.1193,0.9982000000000001,0.0014,-0.0022,0.0596,0.004,0.002,-0.005
2025-10-27 11:12:58.818,133.23,0.0,0.0,0.0,-0.023,-0.023,-0.986,-41.300000000000004,40.45,-79.5,-0.0032,0.0043,-0.1193,0.9982000000000001,0.0014,-0.0022,0.0596,0.004,0.001,-0.005
2025-10-27 11:12:58.819,133.24,0.0,0.001,0.0,-0.023,-0.024,-0.987,-41.56,40.57,-79.5,-0.0032,0.0043,-0.1193,0.9982000000000001,0.0014,-0.0022,0.0596,0.004,0.002,-0.004
2025-10-27 11:12:58.821,133.25,0.0,0.0,0.0,-0.023,-0.022,-0.987,-41.56,40.83,-78.86,-0.0032,0.0043,-0.1193,0.9982000000000001,0.0014,-0.0022,0.0596,0.004,0.0,-0.004
2025-10-27 11:12:58.822,133.26,0.0,0.0,0.0,-0.024,-0.022,-0.988,-41.21,40.25,-79.3,-0.0032,0.004200000000000001,-0.1193,0.9982000000000001,0.0014,-0.0022,0.0596,0.005,0.0,-0.003
2025-10-27 11:12:58.831,133.27,0.0,0.0,0.0,-0.023,-0.022,-0.986,-41.21,40.25,-79.3,-0.0032,0.0041,-0.1193,0.9982000000000001,0.0014,-0.0021000000000000003,0.0596,0.004,0.0,-0.004
2025-10-27 11:12:58.846,133.28,0.0,0.001,0.0,-0.023,-0.022,-0.988,-40.25,39.08,-79.94,-0.0032,0.0041,-0.1193,0.9982000000000001,0.0014,-0.0021000000000000003,0.0596,0.004,0.0,-0.003
2025-10-27 11:12:58.848,133.29,0.0,0.001,0.001,-0.024,-0.022,-0.985,-40.22,40.6,-79.56,-0.0031000000000000003,0.0041,-0.1193,0.9982000000000001,0.0014,-0.0021000000000000003,0.0596,0.005,0.0,-0.006
2025-10-27 11:12:58.875,133.3,0.0,-0.001,0.0,-0.023,-0.023,-0.985,-41.21,40.45,-79.18,-0.0031000000000000003,0.0041,-0.1193,0.9982000000000001,0.0014,-0.0021000000000000003,0.0596,0.003,0.0,-0.006
2025-10-27 11:12:58.876,133.31,0.0,0.0,0.0,-0.023,-0.023,-0.986,-41.42,39.72,-79.36,-0.0031000000000000003,0.004,-0.1193,0.9982000000000001,0.0014,-0.0021000000000000003,0.0596,0.004,0.001,-0.005
2025-10-27 11:12:58.878,133.32,0.001,0.0,0.0,-0.023,-0.023,-0.986,-41.42,39.72,-79.36,-0.0031000000000000003,0.004,-0.1193,0.9982000000000001,0.0014,-0.0021000000000000003,0.0596,0.004,0.001,-0.004
2025-10-27 11:12:58.891,133.33,0.0,-0.001,0.0,-0.023,-0.022,-0.987,-41.82,40.04,-79.65,-0.0031000000000000003,0.004,-0.1193,0.9982000000000001,0.0014,-0.002,0.0596,0.004,0.0,-0.004
2025-10-27 11:12:58.906,133.34,0.001,-0.001,0.0,-0.022,-0.022,-0.986,-41.39,39.87,-79.39,-0.0031000000000000003,0.0039000000000000003,-0.1193,0.9982000000000001,0.0014,-0.002,0.0596,0.003,0.0,-0.005
2025-10-27 11:12:58.908,133.35,0.0,0.0,0.001,-0.023,-0.023,-0.986,-41.59,39.63,-79.04,-0.0031000000000000003,0.0039000000000000003,-0.1193,0.9982000000000001,0.0014,-0.002,0.0596,0.004,0.0,-0.004
2025-10-27 11:12:58.935,133.36,0.0,0.0,0.0,-0.022,-0.022,-0.986,-40.33,39.75,-79.53,-0.0031000000000000003,0.0039000000000000003,-0.1193,0.9982000000000001,0.0014,-0.002,0.0596,0.003,0.0,-0.004
2025-10-27 11:12:58.937,133.37,0.0,-0.001,0.001,-0.024,-0.023,-0.986,-40.33,39.75,-79.53,-0.0031000000000000003,0.0038,-0.1192,0.9982000000000001,0.0014,-0.002,0.0596,0.004,0.001,-0.004
2025-10-27 11:12:58.939,133.38,0.0,0.0,0.0,-0.023,-0.024,-0.986,-41.56,40.39,-79.15,-0.0031000000000000003,0.0038,-0.1193,0.9982000000000001,0.0014,-0.002,0.0596,0.003,0.001,-0.005
2025-10-27 11:12:58.951,133.39,0.0,-0.002,0.0,-0.023,-0.022,-0.986,-41.97,40.71,-79.5,-0.0031000000000000003,0.0038,-0.1193,0.9982000000000001,0.0014,-0.0019,0.0596,0.004,0.0,-0.004
2025-10-27 11:12:58.967,133.4,0.0,-0.001,0.001,-0.024,-0.023,-0.984,-41.62,40.660000000000004,-79.45,-0.0031000000000000003,0.0037,-0.1192,0.9982000000000001,0.0014,-0.0019,0.0596,0.004,0.0,-0.006
2025-10-27 11:12:58.970,133.41,0.0,0.0,0.0,-0.023,-0.022,-0.987,-41.88,40.74,-79.24,-0.0031000000000000003,0.0037,-0.1192,0.9982000000000001,0.0014,-0.0019,0.0596,0.004,0.0,-0.004
2025-10-27 11:12:58.995,133.42,0.0,0.0,0.0,-0.023,-0.023,-0.987,-41.88,40.74,-79.24,-0.0031000000000000003,0.0037,-0.1192,0.9982000000000001,0.0014,-0.0019,0.0596,0.003,0.001,-0.004
2025-10-27 11:12:58.997,133.43,0.001,0.0,0.0,-0.023,-0.023,-0.986,-41.77,39.34,-79.3,-0.003,0.0036000000000000003,-0.1192,0.9982000000000001,0.0014,-0.0019,0.0596,0.004,0.001,-0.005
2025-10-27 11:12:58.999,133.44,-0.001,-0.001,0.0,-0.024,-0.023,-0.987,-41.71,39.08,-79.56,-0.003,0.0036000000000000003,-0.1193,0.9982000000000001,0.0014,-0.0019,0.0596,0.004,0.001,-0.004
2025-10-27 11:12:59.011,133.45,0.0,-0.002,0.0,-0.023,-0.023,-0.988,-40.89,40.6,-79.21000000000001,-0.003,0.0035,-0.1193,0.9982000000000001,0.0014,-0.0018000000000000002,0.0596,0.003,0.001,-0.003
2025-10-27 11:12:59.026,133.46,0.0,0.0,-0.001,-0.023,-0.023,-0.987,-40.89,40.6,-79.21000000000001,-0.003,0.0035,-0.1193,0.9982000000000001,0.0014,-0.0018000000000000002,0.0596,0.003,0.001,-0.004
2025-10-27 11:12:59.028,133.47,0.0,0.001,0.0,-0.023,-0.024,-0.987,-41.33,40.68,-79.3,-0.003,0.0035,-0.1193,0.9982000000000001,0.0014,-0.0018000000000000002,0.0596,0.003,0.001,-0.004
2025-10-27 11:12:59.055,133.48,0.0,-0.001,0.0,-0.024,-0.022,-0.987,-41.42,40.6,-80.0,-0.003,0.0034000000000000002,-0.1193,0.9982000000000001,0.0014,-0.0018000000000000002,0.0596,0.004,0.0,-0.004
2025-10-27 11:12:59.057,133.49,0.0,-0.001,0.0,-0.024,-0.023,-0.986,-41.39,41.12,-79.56,-0.003,0.0034000000000000002,-0.1193,0.9982000000000001,0.0014,-0.0018000000000000002,0.0596,0.004,0.0,-0.005
2025-10-27 11:12:59.059,133.5,0.0,0.0,0.0,-0.023,-0.022,-0.986,-41.59,40.980000000000004,-79.18,-0.003,0.0034000000000000002,-0.1193,0.9982000000000001,0.0014,-0.0017000000000000001,0.0596,0.003,0.0,-0.005
2025-10-27 11:12:59.071,133.51,-0.001,0.0,0.0,-0.023,-0.022,-0.986,-41.59,40.980000000000004,-79.18,-0.003,0.0033,-0.1193,0.9982000000000001,0.0014,-0.0017000000000000001,0.0596,0.003,0.0,-0.005
2025-10-27 11:12:59.086,133.52,0.0,0.001,0.0,-0.023,-0.022,-0.986,-40.07,39.28,-79.3,-0.003,0.0033,-0.1193,0.9982000000000001,0.0014,-0.0017000000000000001,0.0596,0.003,0.0,-0.005
2025-10-27 11:12:59.088,133.53,0.0,0.0,0.0,-0.024,-0.023,-0.986,-39.84,40.04,-79.18,-0.003,0.0033,-0.1193,0.9982000000000001,0.0014,-0.0017000000000000001,0.0596,0.004,0.001,-0.004
2025-10-27 11:12:59.115,133.54,0.0,0.0,0.0,-0.024,-0.023,-0.985,-41.44,40.51,-79.09,-0.003,0.0033,-0.1193,0.9982000000000001,0.0014,-0.0017000000000000001,0.0596,0.004,0.001,-0.005
2025-10-27 11:12:59.117,133.55,0.0,0.001,-0.001,-0.023,-0.023,-0.986,-41.39,40.300000000000004,-79.24,-0.003,0.0033,-0.1193,0.9982000000000001,0.0014,-0.0017000000000000001,0.0596,0.003,0.001,-0.005
2025-10-27 11:12:59.119,133.56,0.0,0.0,0.0,-0.022,-0.023,-0.987,-41.39,40.300000000000004,-79.24,-0.003,0.0032,-0.1193,0.9982000000000001,0.0014,-0.0017000000000000001,0.0596,0.002,0.0,-0.004
2025-10-27 11:12:59.131,133.57,0.0,0.0,0.0,-0.023,-0.023,-0.987,-41.09,40.25,-79.45,-0.003,0.0032,-0.1194,0.9982000000000001,0.0014,-0.0017000000000000001,0.0596,0.003,0.001,-0.004
2025-10-27 11:12:59.146,133.58,0.0,0.0,0.0,-0.023,-0.023,-0.986,-41.68,39.54,-79.07000000000001,-0.0029000000000000002,0.0032,-0.1194,0.9982000000000001,0.0013000000000000002,-0.0017000000000000001,0.0596,0.003,0.001,-0.005
2025-10-27 11:12:59.148,133.59,0.0,0.0,0.001,-0.022,-0.023,-0.987,-41.44,39.75,-78.98,-0.0029000000000000002,0.0032,-0.1194,0.9982000000000001,0.0013000000000000002,-0.0016,0.0596,0.002,0.0,-0.003
2025-10-27 11:12:59.175,133.6,-0.001,0.0,0.0,-0.023,-0.023,-0.987,-39.95,39.34,-78.71000000000001,-0.0029000000000000002,0.0031000000000000003,-0.1194,0.9982000000000001,0.0013000000000000002,-0.0016,0.0596,0.003,0.001,-0.004
2025-10-27 11:12:59.176,133.61,0.001,0.001,0.0,-0.023,-0.022,-0.986,-39.95,39.34,-78.71000000000001,-0.0029000000000000002,0.0031000000000000003,-0.1194,0.9982000000000001,0.0013000000000000002,-0.0016,0.0596,0.003,0.0,-0.005
2025-10-27 11:12:59.178,133.62,0.0,-0.001,0.001,-0.023,-0.022,-0.986,-41.12,40.86,-78.86,-0.0029000000000000002,0.0031000000000000003,-0.1193,0.9982000000000001,0.0013000000000000002,-0.0016,0.0596,0.003,0.0,-0.005
2025-10-27 11:12:59.191,133.63,0.0,-0.001,0.0,-0.023,-0.023,-0.987,-41.42,40.1,-79.27,-0.0029000000000000002,0.0031000000000000003,-0.1193,0.9982000000000001,0.0013000000000000002,-0.0016,0.0596,0.003,0.0,-0.004
2025-10-27 11:12:59.206,133.64,0.0,0.001,0.0,-0.023,-0.023,-0.987,-41.65,39.92,-78.60000000000001,-0.0029000000000000002,0.003,-0.1194,0.9982000000000001,0.0013000000000000002,-0.0016,0.0596,0.003,0.001,-0.004
2025-10-27 11:12:59.208,133.65,0.001,0.0,0.0,-0.023,-0.023,-0.987,-41.65,39.92,-79.47,-0.0029000000000000002,0.003,-0.1194,0.9982000000000001,0.0013000000000000002,-0.0016,0.0596,0.003,0.0,-0.004
2025-10-27 11:12:59.235,133.66,0.0,0.0,0.0,-0.023,-0.023,-0.985,-41.44,39.980000000000004,-79.47,-0.0029000000000000002,0.003,-0.1194,0.9982000000000001,0.0013000000000000002,-0.0016,0.0596,0.002,0.001,-0.005
2025-10-27 11:12:59.237,133.67,0.0,0.0,0.0,-0.024,-0.022,-0.987,-41.56,39.050000000000004,-79.39,-0.0029000000000000002,0.0029000000000000002,-0.1194,0.9982000000000001,0.0013000000000000002,-0.0015,0.0596,0.004,0.0,-0.003
2025-10-27 11:12:59.239,133.68,0.001,0.0,0.0,-0.023,-0.022,-0.986,-41.65,38.61,-78.86,-0.0029000000000000002,0.0029000000000000002,-0.1194,0.9982000000000001,0.0013000000000000002,-0.0015,0.0596,0.002,0.0,-0.004
2025-10-27 11:12:59.251,133.69,0.0,0.0,0.0,-0.023,-0.024,-0.987,-40.83,40.300000000000004,-78.74,-0.0029000000000000002,0.0029000000000000002,-0.1194,0.9982000000000001,0.0013000000000000002,-0.0015,0.0596,0.003,0.001,-0.004
2025-10-27 11:12:59.267,133.7,0.0,0.0,-0.001,-0.024,-0.022,-0.985,-40.83,40.300000000000004,-78.74,-0.0028,0.0029000000000000002,-0.1194,0.9982000000000001,0.0013000000000000002,-0.0015,0.0596,0.003,0.0,-0.005
2025-10-27 11:12:59.268,133.71,0.0,0.0,0.0,-0.023,-0.023,-0.986,-41.62,40.22,-78.45,-0.0028,0.0028,-0.1194,0.9982000000000001,0.0013000000000000002,-0.0015,0.0596,0.003,0.0,-0.004
2025-10-27 11:12:59.295,133.72,0.001,0.001,0.0,-0.023,-0.023,-0.986,-41.74,40.300000000000004,-78.66,-0.0028,0.0028,-0.1194,0.9982000000000001,0.0013000000000000002,-0.0015,0.0596,0.002,0.001,-0.004
2025-10-27 11:12:59.297,133.73,0.0,0.0,0.0,-0.023,-0.022,-0.987,-41.18,40.07,-78.31,-0.0028,0.0028,-0.1194,0.9982000000000001,0.0013000000000000002,-0.0015,0.0596,0.003,0.0,-0.004
2025-10-27 11:12:59.299,133.74,0.0,0.001,0.0,-0.023,-0.023,-0.987,-41.65,40.1,-78.45,-0.0028,0.0028,-0.1194,0.9982000000000001,0.0013000000000000002,-0.0015,0.0596,0.002,0.0,-0.004
2025-10-27 11:12:59.311,133.75,0.001,0.001,0.0,-0.022,-0.024,-0.986,-41.65,40.1,-78.45,-0.0028,0.0028,-0.1194,0.9982000000000001,0.0013000000000000002,-0.0015,0.0596,0.002,0.001,-0.005
2025-10-27 11:12:59.326,133.76,0.0,0.0,0.0,-0.023,-0.023,-0.988,-40.36,38.730000000000004,-78.51,-0.0028,0.0028,-0.1194,0.9982000000000001,0.0013000000000000002,-0.0014,0.0596,0.002,0.0,-0.003
2025-10-27 11:12:59.329,133.77,0.0,0.0,0.0,-0.023,-0.023,-0.987,-39.72,40.39,-78.69,-0.0028,0.0027,-0.1194,0.9982000000000001,0.0013000000000000002,-0.0014,0.0596,0.002,0.0,-0.003
2025-10-27 11:12:59.355,133.78,0.0,0.001,0.0,-0.023,-0.023,-0.986,-42.09,40.28,-78.45,-0.0028,0.0027,-0.1194,0.9982000000000001,0.0013000000000000002,-0.0014,0.0596,0.003,0.001,-0.005
2025-10-27 11:12:59.357,133.79,0.001,0.0,-0.001,-0.023,-0.023,-0.985,-41.44,40.25,-79.33,-0.0027,0.0027,-0.1194,0.9982000000000001,0.0013000000000000002,-0.0014,0.0597,0.002,0.001,-0.005
2025-10-27 11:12:59.358,133.8,0.0,-0.001,0.0,-0.024,-0.022,-0.987,-41.44,40.25,-79.33,-0.0027,0.0027,-0.1194,0.9982000000000001,0.0013000000000000002,-0.0014,0.0597,0.003,0.0,-0.004
2025-10-27 11:12:59.371,133.81,0.0,0.0,0.0,-0.023,-0.022,-0.986,-41.71,40.6,-78.74,-0.0027,0.0026000000000000003,-0.1194,0.9982000000000001,0.0013000000000000002,-0.0014,0.0597,0.002,0.0,-0.005
2025-10-27 11:12:59.386,133.82,0.0,0.0,0.0,-0.024,-0.022,-0.986,-41.300000000000004,39.9,-78.57000000000001,-0.0027,0.0026000000000000003,-0.1194,0.9982000000000001,0.0013000000000000002,-0.0014,0.0596,0.003,0.0,-0.005
2025-10-27 11:12:59.388,133.83,-0.001,-0.002,0.0,-0.022,-0.023,-0.986,-41.01,40.71,-78.71000000000001,-0.0027,0.0026000000000000003,-0.1194,0.9982000000000001,0.0013000000000000002,-0.0013000000000000002,0.0596,0.001,0.0,-0.005
2025-10-27 11:12:59.415,133.84,-0.001,0.002,0.0,-0.023,-0.022,-0.987,-40.36,39.31,-78.63,-0.0028,0.0026000000000000003,-0.1194,0.9982000000000001,0.0013000000000000002,-0.0013000000000000002,0.0596,0.002,0.0,-0.004
2025-10-27 11:12:59.417,133.85,0.0,0.0,0.001,-0.023,-0.023,-0.986,-40.36,39.31,-78.63,-0.0028,0.0026000000000000003,-0.1194,0.9982000000000001,0.0013000000000000002,-0.0013000000000000002,0.0596,0.002,0.0,-0.005
2025-10-27 11:12:59.419,133.86,0.0,-0.001,0.0,-0.023,-0.023,-0.987,-40.6,40.04,-79.01,-0.0028,0.0025,-0.1194,0.9982000000000001,0.0013000000000000002,-0.0013000000000000002,0.0596,0.002,0.0,-0.004
2025-10-27 11:12:59.432,133.87,-0.001,0.0,-0.001,-0.023,-0.023,-0.986,-41.36,40.160000000000004,-78.71000000000001,-0.0028,0.0025,-0.1194,0.9982000000000001,0.0013000000000000002,-0.0013000000000000002,0.0596,0.002,0.0,-0.004
2025-10-27 11:12:59.446,133.88,0.0,-0.001,0.0,-0.023,-0.022,-0.986,-41.56,40.19,-79.04,-0.0028,0.0025,-0.1194,0.9982000000000001,0.0013000000000000002,-0.0013000000000000002,0.0596,0.002,0.0,-0.005
2025-10-27 11:12:59.449,133.89,0.0,0.001,0.0,-0.023,-0.023,-0.986,-41.56,40.19,-79.04,-0.0028,0.0025,-0.1194,0.9982000000000001,0.0013000000000000002,-0.0013000000000000002,0.0596,0.002,0.0,-0.005
2025-10-27 11:12:59.475,133.9,0.0,0.0,0.0,-0.022,-0.023,-0.986,-41.21,40.800000000000004,-79.18,-0.0027,0.0025,-0.1194,0.9982000000000001,0.0013000000000000002,-0.0013000000000000002,0.0596,0.001,0.0,-0.005
2025-10-27 11:12:59.477,133.91,0.0,-0.001,-0.001,-0.023,-0.022,-0.986,-41.56,39.6,-78.77,-0.0027,0.0024000000000000002,-0.1194,0.9982000000000001,0.0013000000000000002,-0.0013000000000000002,0.0596,0.002,0.0,-0.005
2025-10-27 11:12:59.479,133.92,0.0,0.0,-0.001,-0.023,-0.023,-0.987,-41.42,39.9,-78.31,-0.0027,0.0024000000000000002,-0.1194,0.9982000000000001,0.0013000000000000002,-0.0013000000000000002,0.0597,0.002,0.001,-0.004
2025-10-27 11:12:59.492,133.93,0.0,0.0,0.0,-0.023,-0.023,-0.985,-40.25,40.51,-78.63,-0.0027,0.0024000000000000002,-0.1194,0.9982000000000001,0.0013000000000000002,-0.0012000000000000001,0.0597,0.002,0.0,-0.005
2025-10-27 11:12:59.508,133.94,0.0,0.001,0.0,-0.023,-0.022,-0.986,-40.25,40.51,-78.63,-0.0027,0.0024000000000000002,-0.1194,0.9982000000000001,0.0013000000000000002,-0.0012000000000000001,0.0597,0.002,0.0,-0.005
2025-10-27 11:12:59.509,133.95,-0.001,0.0,0.0,-0.023,-0.023,-0.987,-41.65,40.71,-78.60000000000001,-0.0027,0.0024000000000000002,-0.11950000000000001,0.9982000000000001,0.0013000000000000002,-0.0012000000000000001,0.0597,0.002,0.001,-0.003
2025-10-27 11:12:59.535,133.96,0.0,0.0,0.0,-0.023,-0.023,-0.987,-40.95,40.33,-78.28,-0.0027,0.0023,-0.11950000000000001,0.9982000000000001,0.0013000000000000002,-0.0012000000000000001,0.0597,0.002,0.0,-0.004
2025-10-27 11:12:59.538,133.97,0.0,-0.001,-0.001,-0.023,-0.023,-0.987,-40.68,40.1,-79.07000000000001,-0.0027,0.0023,-0.11950000000000001,0.9982000000000001,0.0013000000000000002,-0.0012000000000000001,0.0597,0.002,0.0,-0.004
2025-10-27 11:12:59.540,133.98,0.0,0.0,0.0,-0.023,-0.022,-0.986,-40.77,40.57,-79.01,-0.0027,0.0023,-0.11950000000000001,0.9982000000000001,0.0013000000000000002,-0.0012000000000000001,0.0597,0.002,0.0,-0.005
2025-10-27 11:12:59.552,133.99,0.0,0.001,0.0,-0.024,-0.023,-0.985,-40.77,40.57,-79.01,-0.0027,0.0023,-0.11950000000000001,0.9982000000000001,0.0013000000000000002,-0.0012000000000000001,0.0597,0.003,0.0,-0.006
2025-10-27 11:12:59.566,134.0,0.0,0.0,0.0,-0.023,-0.023,-0.986,-39.81,39.11,-79.18,-0.0027,0.0023,-0.11950000000000001,0.9982000000000001,0.0013000000000000002,-0.0012000000000000001,0.0597,0.002,0.0,-0.005
2025-10-27 11:12:59.568,134.01,0.0,0.0,0.0,-0.024,-0.023,-0.987,-40.1,40.04,-79.12,-0.0027,0.0022,-0.11950000000000001,0.9982000000000001,0.0013000000000000002,-0.0012000000000000001,0.0597,0.003,0.0,-0.004
2025-10-27 11:12:59.595,134.02,0.001,-0.002,0.0,-0.023,-0.023,-0.986,-41.01,40.36,-79.39,-0.0027,0.0022,-0.11950000000000001,0.9982000000000001,0.0012000000000000001,-0.0012000000000000001,0.0597,0.002,0.0,-0.005
2025-10-27 11:12:59.597,134.03,0.0,0.0,0.0,-0.023,-0.022,-0.986,-40.95,40.1,-79.39,-0.0027,0.0022,-0.11950000000000001,0.9982000000000001,0.0012000000000000001,-0.0011,0.0597,0.002,0.0,-0.005
2025-10-27 11:12:59.599,134.04,0.0,0.0,0.001,-0.023,-0.023,-0.986,-40.95,40.1,-79.39,-0.0027,0.0022,-0.11950000000000001,0.9982000000000001,0.0012000000000000001,-0.0011,0.0597,0.002,0.0,-0.005
2025-10-27 11:12:59.611,134.05,0.001,0.001,0.0,-0.023,-0.022,-0.988,-41.21,40.77,-79.12,-0.0027,0.0021000000000000003,-0.1194,0.9982000000000001,0.0012000000000000001,-0.0011,0.0597,0.002,0.0,-0.003
2025-10-27 11:12:59.627,134.06,0.0,0.0,0.0,-0.023,-0.023,-0.988,-40.92,40.6,-79.8,-0.0027,0.0021000000000000003,-0.1194,0.9982000000000001,0.0012000000000000001,-0.0011,0.0597,0.002,0.0,-0.003
2025-10-27 11:12:59.628,134.07,0.0,0.0,0.0,-0.022,-0.023,-0.987,-41.01,40.45,-79.39,-0.0027,0.0021000000000000003,-0.1194,0.9982000000000001,0.0012000000000000001,-0.0011,0.0597,0.001,0.0,-0.004
2025-10-27 11:12:59.656,134.08,0.0,0.0,0.0,-0.023,-0.023,-0.987,-39.6,38.78,-79.42,-0.0027,0.0021000000000000003,-0.1194,0.9982000000000001,0.0012000000000000001,-0.0011,0.0597,0.001,0.0,-0.003
2025-10-27 11:12:59.658,134.09,0.0,0.0,0.001,-0.023,-0.023,-0.987,-39.6,38.78,-79.42,-0.0027,0.0021000000000000003,-0.1194,0.9982000000000001,0.0012000000000000001,-0.0011,0.0597,0.002,0.001,-0.003
2025-10-27 11:12:59.659,134.1,-0.002,0.001,0.0,-0.023,-0.023,-0.987,-41.04,40.57,-79.68,-0.0027,0.002,-0.1194,0.9982000000000001,0.0013000000000000002,-0.0011,0.0597,0.001,0.0,-0.003
2025-10-27 11:12:59.671,134.11,0.0,-0.001,0.0,-0.023,-0.023,-0.985,-41.27,40.36,-79.21000000000001,-0.0027,0.002,-0.1194,0.9982000000000001,0.0013000000000000002,-0.0011,0.0597,0.001,0.0,-0.005
2025-10-27 11:12:59.687,134.12,0.0,-0.002,0.001,-0.023,-0.023,-0.986,-41.44,39.980000000000004,-79.83,-0.0027,0.002,-0.1194,0.9982000000000001,0.0012000000000000001,-0.0011,0.0597,0.002,0.0,-0.005
2025-10-27 11:12:59.700,134.13,0.0,0.001,0.0,-0.023,-0.022,-0.985,-41.44,39.980000000000004,-79.83,-0.0027,0.002,-0.1194,0.9982000000000001,0.0012000000000000001,-0.0011,0.0597,0.002,0.0,-0.006
2025-10-27 11:12:59.715,134.14,0.001,0.0,0.0,-0.023,-0.023,-0.987,-41.68,40.22,-80.06,-0.0027,0.002,-0.1194,0.9982000000000001,0.0012000000000000001,-0.001,0.0597,0.002,0.0,-0.004
2025-10-27 11:12:59.717,134.15,0.001,0.0,0.0,-0.023,-0.024,-0.987,-41.62,39.25,-79.15,-0.0026000000000000003,0.002,-0.11950000000000001,0.9982000000000001,0.0012000000000000001,-0.001,0.0597,0.002,0.001,-0.004
2025-10-27 11:12:59.719,134.16,0.001,0.001,0.0,-0.023,-0.023,-0.988,-41.62,39.54,-79.07000000000001,-0.0026000000000000003,0.0019,-0.11950000000000001,0.9982000000000001,0.0012000000000000001,-0.001,0.0597,0.001,0.0,-0.003
2025-10-27 11:12:59.731,134.17,0.001,-0.001,-0.001,-0.023,-0.023,-0.986,-40.13,40.25,-78.77,-0.0026000000000000003,0.0019,-0.11950000000000001,0.9982000000000001,0.0012000000000000001,-0.001,0.0597,0.002,0.0,-0.004
2025-10-27 11:12:59.745,134.18,-0.001,0.0,0.0,-0.023,-0.022,-0.987,-40.13,40.25,-78.77,-0.0026000000000000003,0.0019,-0.11950000000000001,0.9982000000000001,0.0012000000000000001,-0.001,0.0597,0.001,0.0,-0.004
2025-10-27 11:12:59.748,134.19,0.0,-0.001,0.0,-0.024,-0.022,-0.986,-41.18,40.51,-79.21000000000001,-0.0026000000000000003,0.0018000000000000002,-0.11950000000000001,0.9982000000000001,0.0012000000000000001,-0.001,0.0597,0.002,0.0,-0.004
2025-10-27 11:12:59.775,134.2,0.0,0.0,0.0,-0.024,-0.022,-0.987,-41.56,40.36,-79.07000000000001,-0.0026000000000000003,0.0018000000000000002,-0.11950000000000001,0.9982000000000001,0.0012000000000000001,-0.0009000000000000001,0.0597,0.002,0.0,-0.004
2025-10-27 11:12:59.777,134.21,-0.001,-0.002,0.0,-0.024,-0.023,-0.986,-41.18,40.45,-79.5,-0.0026000000000000003,0.0017000000000000001,-0.1194,0.9982000000000001,0.0012000000000000001,-0.0009000000000000001,0.0597,0.003,0.0,-0.005
2025-10-27 11:12:59.779,134.22,-0.001,0.0,-0.001,-0.024,-0.023,-0.987,-41.42,40.92,-79.15,-0.0026000000000000003,0.0017000000000000001,-0.11950000000000001,0.9982000000000001,0.0012000000000000001,-0.0009000000000000001,0.0597,0.002,0.001,-0.004
2025-10-27 11:12:59.791,134.23,0.001,-0.001,0.0,-0.023,-0.022,-0.987,-41.42,40.92,-79.15,-0.0026000000000000003,0.0017000000000000001,-0.1194,0.9982000000000001,0.0012000000000000001,-0.0009000000000000001,0.0597,0.002,0.0,-0.004
2025-10-27 11:12:59.806,134.24,0.0,0.0,0.0,-0.023,-0.023,-0.986,-39.95,38.550000000000004,-79.45,-0.0026000000000000003,0.0017000000000000001,-0.1194,0.9982000000000001,0.0012000000000000001,-0.0009000000000000001,0.0597,0.002,0.0,-0.004
2025-10-27 11:12:59.808,134.25,0.0,0.0,-0.001,-0.023,-0.022,-0.986,-40.6,39.78,-79.39,-0.0026000000000000003,0.0017000000000000001,-0.11950000000000001,0.9982000000000001,0.0012000000000000001,-0.0009000000000000001,0.0597,0.002,0.0,-0.005
2025-10-27 11:12:59.835,134.26,-0.001,0.0,0.0,-0.023,-0.022,-0.987,-41.71,40.89,-79.09,-0.0026000000000000003,0.0016,-0.11950000000000001,0.9982000000000001,0.0012000000000000001,-0.0009000000000000001,0.0597,0.001,0.0,-0.004
2025-10-27 11:12:59.836,134.27,0.0,0.0,0.0,-0.023,-0.023,-0.987,-41.65,40.45,-79.27,-0.0026000000000000003,0.0016,-0.11950000000000001,0.9982000000000001,0.0012000000000000001,-0.0009000000000000001,0.0597,0.002,0.0,-0.003
2025-10-27 11:12:59.838,134.28,-0.001,0.0,0.0,-0.023,-0.023,-0.985,-41.65,40.45,-79.27,-0.0026000000000000003,0.0016,-0.11950000000000001,0.9982000000000001,0.0012000000000000001,-0.0008,0.0597,0.001,0.0,-0.005
2025-10-27 11:12:59.851,134.29,0.0,-0.002,-0.001,-0.024,-0.023,-0.987,-41.24,40.51,-78.89,-0.0026000000000000003,0.0015,-0.11950000000000001,0.9982000000000001,0.0012000000000000001,-0.0008,0.0597,0.002,0.0,-0.004
2025-10-27 11:12:59.895,134.3,0.001,-0.002,0.0,-0.023,-0.023,-0.986,-41.56,40.45,-79.47,-0.0026000000000000003,0.0015,-0.11950000000000001,0.9982000000000001,0.0012000000000000001,-0.0008,0.0597,0.001,0.001,-0.005
2025-10-27 11:12:59.897,134.31,0.0,0.0,-0.001,-0.022,-0.023,-0.986,-41.33,40.68,-79.24,-0.0026000000000000003,0.0015,-0.11950000000000001,0.9982000000000001,0.0012000000000000001,-0.0008,0.0597,0.001,0.0,-0.005
2025-10-27 11:12:59.899,134.32,0.0,0.0,0.0,-0.023,-0.023,-0.986,-41.33,40.68,-79.24,-0.0026000000000000003,0.0015,-0.11950000000000001,0.9982000000000001,0.0012000000000000001,-0.0008,0.0597,0.001,0.001,-0.005
2025-10-27 11:12:59.910,134.33,0.0,0.0,0.0,-0.023,-0.023,-0.986,-40.22,39.46,-79.15,-0.0026000000000000003,0.0015,-0.11950000000000001,0.9982000000000001,0.0012000000000000001,-0.0008,0.0597,0.002,0.0,-0.005
2025-10-27 11:12:59.911,134.34,0.0,0.001,0.0,-0.025,-0.023,-0.986,-40.980000000000004,40.57,-79.59,-0.0026000000000000003,0.0015,-0.11950000000000001,0.9982000000000001,0.0012000000000000001,-0.0008,0.0597,0.003,0.001,-0.004
2025-10-27 11:12:59.913,134.35,0.0,0.0,0.0,-0.024,-0.023,-0.986,-41.5,40.68,-78.92,-0.0026000000000000003,0.0015,-0.11950000000000001,0.9982000000000001,0.0012000000000000001,-0.0008,0.0597,0.002,0.0,-0.005
2025-10-27 11:12:59.916,134.36,0.0,-0.001,0.0,-0.023,-0.023,-0.986,-41.18,40.800000000000004,-78.66,-0.0026000000000000003,0.0014,-0.11950000000000001,0.9982000000000001,0.0012000000000000001,-0.0008,0.0597,0.001,0.0,-0.005
2025-10-27 11:12:59.926,134.37,0.001,0.0,0.0,-0.023,-0.023,-0.988,-41.18,40.800000000000004,-78.66,-0.0025,0.0014,-0.11950000000000001,0.9982000000000001,0.0012000000000000001,-0.0008,0.0597,0.001,0.0,-0.003
2025-10-27 11:12:59.955,134.38,0.0,0.001,0.0,-0.024,-0.023,-0.987,-41.21,39.52,-78.83,-0.0025,0.0014,-0.11950000000000001,0.9982000000000001,0.0012000000000000001,-0.0008,0.0597,0.002,0.0,-0.004
2025-10-27 11:12:59.957,134.39,0.0,-0.001,0.0,-0.024,-0.023,-0.987,-41.42,40.480000000000004,-78.77,-0.0025,0.0014,-0.11950000000000001,0.9982000000000001,0.0012000000000000001,-0.0007,0.0597,0.002,0.0,-0.003
2025-10-27 11:12:59.959,134.4,0.0,-0.001,0.0,-0.023,-0.023,-0.987,-41.15,39.69,-79.01,-0.0025,0.0013000000000000002,-0.11950000000000001,0.9982000000000001,0.0012000000000000001,-0.0007,0.0597,0.001,0.0,-0.003
2025-10-27 11:13:00.060,134.41,0.0,0.0,0.001,-0.024,-0.023,-0.986,-39.81,40.54,-79.3,-0.0025,0.0013000000000000002,-0.11950000000000001,0.9982000000000001,0.0012000000000000001,-0.0007,0.0597,0.002,0.0,-0.005
2025-10-27 11:13:00.120,134.42,0.0,0.0,0.0,-0.023,-0.022,-0.987,-39.81,40.54,-79.3,-0.0025,0.0013000000000000002,-0.11950000000000001,0.9982000000000001,0.0012000000000000001,-0.0007,0.0597,0.001,0.0,-0.004
2025-10-27 11:13:00.240,134.43,0.0,0.0,-0.001,-0.024,-0.022,-0.986,-41.21,40.77,-79.71000000000001,-0.0025,0.0013000000000000002,-0.11950000000000001,0.9982000000000001,0.0012000000000000001,-0.0007,0.0597,0.002,0.0,-0.005
2025-10-27 11:13:00.244,134.44,-0.001,0.0,0.0,-0.024,-0.022,-0.986,-41.68,40.54,-79.45,-0.0025,0.0013000000000000002,-0.11950000000000001,0.9982000000000001,0.0012000000000000001,-0.0007,0.0597,0.002,0.0,-0.005
2025-10-27 11:13:00.300,134.45,0.0,0.0,0.001,-0.023,-0.023,-0.987,-41.53,40.57,-79.59,-0.0025,0.0013000000000000002,-0.11950000000000001,0.9982000000000001,0.0012000000000000001,-0.0007,0.0597,0.001,0.0,-0.004
2025-10-27 11:13:00.302,134.46,0.001,0.0,0.0,-0.023,-0.023,-0.988,-41.47,40.57,-79.56,-0.0025,0.0012000000000000001,-0.11950000000000001,0.9982000000000001,0.0012000000000000001,-0.0007,0.0597,0.001,0.0,-0.002
2025-10-27 11:13:00.360,134.47,0.0,-0.001,0.0,-0.024,-0.023,-0.988,-41.47,40.57,-79.56,-0.0025,0.0012000000000000001,-0.11950000000000001,0.9982000000000001,0.0012000000000000001,-0.0006000000000000001,0.0597,0.002,0.0,-0.003
2025-10-27 11:13:00.361,134.48,0.0,0.0,0.0,-0.023,-0.022,-0.987,-41.27,40.28,-78.86,-0.0025,0.0012000000000000001,-0.11950000000000001,0.9982000000000001,0.0012000000000000001,-0.0006000000000000001,0.0597,0.001,0.0,-0.004
2025-10-27 11:13:00.363,134.49,0.0,0.0,0.0,-0.023,-0.023,-0.987,-41.36,40.480000000000004,-78.8,-0.0025,0.0011,-0.11950000000000001,0.9982000000000001,0.0012000000000000001,-0.0006000000000000001,0.0597,0.001,0.0,-0.003
2025-10-27 11:13:00.422,134.5,0.0,0.0,0.0,-0.022,-0.024,-0.986,-41.910000000000004,40.86,-78.69,-0.0025,0.0011,-0.11950000000000001,0.9982000000000001,0.0012000000000000001,-0.0006000000000000001,0.0597,0.0,0.001,-0.005
2025-10-27 11:13:00.423,134.51,0.0,-0.001,0.0,-0.025,-0.023,-0.986,-41.5,40.33,-78.60000000000001,-0.0025,0.0011,-0.11950000000000001,0.9982000000000001,0.0012000000000000001,-0.0006000000000000001,0.0597,0.002,0.0,-0.004
2025-10-27 11:13:00.481,134.52,0.0,0.001,0.0,-0.023,-0.022,-0.986,-41.5,40.33,-78.60000000000001,-0.0025,0.0011,-0.11950000000000001,0.9982000000000001,0.0012000000000000001,-0.0006000000000000001,0.0597,0.0,0.0,-0.005
2025-10-27 11:13:00.483,134.53,0.0,-0.001,0.0,-0.023,-0.023,-0.987,-41.5,40.71,-78.8,-0.0025,0.0011,-0.11950000000000001,0.9982000000000001,0.0012000000000000001,-0.0006000000000000001,0.0597,0.001,0.0,-0.004
2025-10-27 11:13:00.540,134.54,0.0,-0.001,0.0,-0.023,-0.022,-0.986,-41.18,40.480000000000004,-78.28,-0.0025,0.0011,-0.11950000000000001,0.9982000000000001,0.0012000000000000001,-0.0006000000000000001,0.0597,0.001,0.0,-0.004
2025-10-27 11:13:00.542,134.55,0.0,-0.001,0.0,-0.024,-0.023,-0.987,-41.42,40.42,-78.74,-0.0025,0.001,-0.11950000000000001,0.9982000000000001,0.0012000000000000001,-0.0006000000000000001,0.0597,0.001,0.0,-0.004
2025-10-27 11:13:00.601,134.56,0.0,0.001,0.0,-0.024,-0.022,-0.985,-41.42,40.42,-78.74,-0.0025,0.001,-0.11950000000000001,0.9982000000000001,0.0012000000000000001,-0.0006000000000000001,0.0597,0.002,0.0,-0.006
2025-10-27 11:13:00.602,134.57,-0.001,0.0,0.0,-0.023,-0.023,-0.987,-41.65,40.160000000000004,-78.71000000000001,-0.0025,0.001,-0.11950000000000001,0.9982000000000001,0.0012000000000000001,-0.0006000000000000001,0.0597,0.001,0.0,-0.004
2025-10-27 11:13:00.671,134.58,0.001,0.001,0.0,-0.023,-0.023,-0.987,-40.980000000000004,40.25,-79.01,-0.0025,0.001,-0.11950000000000001,0.9982000000000001,0.0012000000000000001,-0.0006000000000000001,0.0597,0.001,0.0,-0.004
2025-10-27 11:13:00.673,134.59,0.0,0.0,0.0,-0.024,-0.023,-0.987,-41.74,40.28,-79.3,-0.0025,0.001,-0.11950000000000001,0.9982000000000001,0.0012000000000000001,-0.0006000000000000001,0.0597,0.001,0.001,-0.003
2025-10-27 11:13:00.722,134.6,0.0,0.0,0.0,-0.023,-0.023,-0.986,-41.5,40.57,-78.86,-0.0025,0.001,-0.11950000000000001,0.9982000000000001,0.0012000000000000001,-0.0006000000000000001,0.0597,0.0,0.0,-0.004
2025-10-27 11:13:00.724,134.61,0.0,0.0,-0.001,-0.024,-0.023,-0.987,-41.5,40.57,-78.86,-0.0025,0.001,-0.11950000000000001,0.9982000000000001,0.0012000000000000001,-0.0005,0.0597,0.001,0.0,-0.004
2025-10-27 11:13:00.842,134.62,0.001,0.0,0.0,-0.024,-0.023,-0.987,-41.59,40.25,-78.69,-0.0024000000000000002,0.001,-0.11950000000000001,0.9982000000000001,0.0012000000000000001,-0.0005,0.0597,0.001,0.0,-0.004
2025-10-27 11:13:00.901,134.63,0.0,-0.001,0.0,-0.023,-0.022,-0.988,-41.800000000000004,40.42,-78.83,-0.0024000000000000002,0.0009000000000000001,-0.11950000000000001,0.9982000000000001,0.0012000000000000001,-0.0005,0.0597,0.001,0.0,-0.003
2025-10-27 11:13:00.903,134.64,0.0,0.001,-0.001,-0.023,-0.022,-0.987,-41.5,39.46,-78.36,-0.0025,0.0009000000000000001,-0.11950000000000001,0.9982000000000001,0.0012000000000000001,-0.0005,0.0597,0.001,0.0,-0.003
2025-10-27 11:13:00.904,134.65,0.0,0.0,0.0,-0.023,-0.023,-0.986,-41.21,40.54,-78.89,-0.0025,0.0009000000000000001,-0.11950000000000001,0.9982000000000001,0.0012000000000000001,-0.0005,0.0597,0.0,0.0,-0.004
2025-10-27 11:13:00.960,134.66,0.0,0.0,0.0,-0.023,-0.023,-0.986,-41.21,40.54,-78.89,-0.0024000000000000002,0.0009000000000000001,-0.11950000000000001,0.9982000000000001,0.0012000000000000001,-0.0005,0.0597,0.001,0.0,-0.005
2025-10-27 11:13:00.962,134.67,0.0,0.0,-0.001,-0.023,-0.023,-0.986,-41.74,40.36,-79.27,-0.0024000000000000002,0.0009000000000000001,-0.11950000000000001,0.9982000000000001,0.0012000000000000001,-0.0005,0.0597,0.0,0.0,-0.004
2025-10-27 11:13:01.080,134.68,0.0,-0.001,-0.001,-0.023,-0.024,-0.986,-42.0,40.480000000000004,-78.89,-0.0024000000000000002,0.0009000000000000001,-0.11960000000000001,0.9982000000000001,0.0012000000000000001,-0.0005,0.0597,0.0,0.001,-0.004
2025-10-27 11:13:01.082,134.69,0.0,-0.002,0.0,-0.023,-0.024,-0.986,-41.47,40.71,-79.3,-0.0024000000000000002,0.0009000000000000001,-0.11960000000000001,0.9982000000000001,0.0012000000000000001,-0.0005,0.0597,0.0,0.001,-0.005
2025-10-27 11:13:01.140,134.7,0.0,0.0,0.0,-0.024,-0.023,-0.987,-41.53,39.95,-79.33,-0.0024000000000000002,0.0009000000000000001,-0.11960000000000001,0.9982000000000001,0.0011,-0.0005,0.0597,0.001,0.0,-0.003
2025-10-27 11:13:01.141,134.71,0.0,0.0,0.0,-0.024,-0.023,-0.987,-41.53,39.95,-79.33,-0.0024000000000000002,0.0008,-0.11960000000000001,0.9982000000000001,0.0011,-0.0005,0.0597,0.001,0.0,-0.004
2025-10-27 11:13:01.143,134.72,0.0,0.0,0.0,-0.023,-0.023,-0.987,-41.62,40.01,-78.8,-0.0024000000000000002,0.0008,-0.11960000000000001,0.9982000000000001,0.0011,-0.0005,0.0597,0.0,0.0,-0.004
2025-10-27 11:13:01.259,134.73,0.0,0.001,0.0,-0.023,-0.022,-0.986,-41.59,40.36,-78.71000000000001,-0.0024000000000000002,0.0008,-0.11960000000000001,0.9982000000000001,0.0011,-0.0005,0.0597,0.0,0.0,-0.005
2025-10-27 11:13:01.261,134.74,0.0,0.0,0.0,-0.023,-0.023,-0.986,-41.71,39.95,-78.98,-0.0024000000000000002,0.0008,-0.11960000000000001,0.9982000000000001,0.0011,-0.0005,0.0597,0.001,0.0,-0.004
2025-10-27 11:13:01.263,134.75,0.0,0.0,0.0,-0.024,-0.023,-0.986,-41.74,39.95,-78.60000000000001,-0.0024000000000000002,0.0008,-0.11960000000000001,0.9982000000000001,0.0011,-0.0005,0.0597,0.001,0.0,-0.005
2025-10-27 11:13:01.321,134.76,0.0,-0.001,0.0,-0.023,-0.022,-0.986,-41.74,39.92,-78.60000000000001,-0.0024000000000000002,0.0008,-0.11960000000000001,0.9982000000000001,0.0011,-0.0004,0.0597,0.001,0.0,-0.005
2025-10-27 11:13:01.323,134.77,0.0,0.0,0.0,-0.023,-0.023,-0.986,-41.62,39.95,-78.8,-0.0024000000000000002,0.0008,-0.11960000000000001,0.9982000000000001,0.0011,-0.0004,0.0597,0.001,0.0,-0.004
2025-10-27 11:13:01.382,134.78,0.0,0.0,0.0,-0.023,-0.023,-0.987,-42.0,40.19,-78.74,-0.0024000000000000002,0.0008,-0.11960000000000001,0.9982000000000001,0.0011,-0.0004,0.0597,0.0,0.0,-0.003
2025-10-27 11:13:01.385,134.88,-0.001,0.0,0.0,-0.024,-0.023,-0.986,-41.62,38.46,-79.04,-0.0024000000000000002,0.0006000000000000001,-0.11960000000000001,0.9982000000000001,0.0011,-0.00030000000000000003,0.0597,0.001,0.0,-0.004
2025-10-27 11:13:01.441,134.89,0.0,0.0,0.0,-0.023,-0.022,-0.987,-41.36,40.28,-78.95,-0.0024000000000000002,0.0006000000000000001,-0.11960000000000001,0.9982000000000001,0.0011,-0.00030000000000000003,0.0597,0.001,0.0,-0.004
2025-10-27 11:13:01.443,134.9,0.0,0.001,0.0,-0.023,-0.024,-0.986,-41.36,40.28,-78.95,-0.0024000000000000002,0.0006000000000000001,-0.11960000000000001,0.9982000000000001,0.0011,-0.00030000000000000003,0.0597,0.001,0.001,-0.004
2025-10-27 11:13:01.560,134.91,0.0,0.0,0.0,-0.023,-0.022,-0.988,-41.97,40.33,-79.04,-0.0024000000000000002,0.0006000000000000001,-0.11960000000000001,0.9982000000000001,0.0011,-0.00030000000000000003,0.0597,0.0,0.0,-0.003
2025-10-27 11:13:01.562,134.92,0.0,0.0,0.0,-0.023,-0.023,-0.987,-42.2,40.1,-78.89,-0.0024000000000000002,0.0006000000000000001,-0.11960000000000001,0.9982000000000001,0.0011,-0.00030000000000000003,0.059800000000000006,0.001,0.0,-0.004
2025-10-27 11:13:01.564,134.93,0.0,0.001,0.0,-0.024,-0.023,-0.987,-42.0,40.6,-78.07000000000001,-0.0024000000000000002,0.0006000000000000001,-0.11960000000000001,0.9982000000000001,0.0011,-0.00030000000000000003,0.059800000000000006,0.001,0.0,-0.004
2025-10-27 11:13:01.680,134.94,0.0,-0.001,0.0,-0.023,-0.023,-0.987,-42.5,40.51,-78.39,-0.0024000000000000002,0.0006000000000000001,-0.11960000000000001,0.9982000000000001,0.0011,-0.00030000000000000003,0.059800000000000006,0.001,0.0,-0.004
2025-10-27 11:13:01.740,134.95,-0.002,0.0,-0.001,-0.023,-0.023,-0.987,-42.5,40.51,-78.39,-0.0024000000000000002,0.0006000000000000001,-0.1197,0.9982000000000001,0.0011,-0.00030000000000000003,0.059800000000000006,0.0,0.0,-0.004
2025-10-27 11:13:01.800,134.96,0.0,-0.001,0.0,-0.023,-0.022,-0.987,-41.71,39.980000000000004,-79.04,-0.0024000000000000002,0.0005,-0.11960000000000001,0.9982000000000001,0.0011,-0.00030000000000000003,0.059800000000000006,0.001,0.0,-0.004
2025-10-27 11:13:01.919,134.97,0.0,-0.002,0.0,-0.023,-0.023,-0.987,-41.300000000000004,40.39,-78.63,-0.0024000000000000002,0.0005,-0.11960000000000001,0.9982000000000001,0.0011,-0.00030000000000000003,0.059800000000000006,0.0,0.0,-0.004
2025-10-27 11:13:01.980,134.98,0.001,0.0,0.0,-0.023,-0.023,-0.987,-41.62,40.68,-78.71000000000001,-0.0024000000000000002,0.0005,-0.11960000000000001,0.9982000000000001,0.0011,-0.00030000000000000003,0.059800000000000006,0.0,0.0,-0.004
2025-10-27 11:13:02.040,134.99,-0.001,0.0,0.0,-0.023,-0.023,-0.987,-41.62,40.68,-78.71000000000001,-0.0024000000000000002,0.0005,-0.11960000000000001,0.9982000000000001,0.0011,-0.00030000000000000003,0.059800000000000006,0.0,0.0,-0.003
2025-10-27 11:13:02.160,135.0,0.0,0.0,0.0,-0.023,-0.022,-0.986,-42.0,40.51,-78.8,-0.0024000000000000002,0.0005,-0.11960000000000001,0.9982000000000001,0.0011,-0.00030000000000000003,0.059800000000000006,0.0,0.0,-0.005
2025-10-27 11:13:02.220,135.01,0.0,-0.002,0.0,-0.023,-0.023,-0.985,-41.94,40.160000000000004,-78.69,-0.0024000000000000002,0.0005,-0.11960000000000001,0.9982000000000001,0.0011,-0.00030000000000000003,0.059800000000000006,0.0,0.0,-0.005
2025-10-27 11:13:02.280,135.02,0.0,0.0,0.0,-0.023,-0.023,-0.987,-42.0,40.13,-78.86,-0.0024000000000000002,0.0005,-0.11960000000000001,0.9982000000000001,0.0011,-0.00030000000000000003,0.059800000000000006,0.0,0.0,-0.003
2025-10-27 11:13:02.400,135.03,0.0,0.0,0.0,-0.023,-0.023,-0.986,-41.97,40.1,-78.31,-0.0024000000000000002,0.0005,-0.11960000000000001,0.9982000000000001,0.0011,-0.00030000000000000003,0.059800000000000006,0.0,0.0,-0.004
2025-10-27 11:13:02.460,135.04,0.001,0.001,0.0,-0.024,-0.022,-0.987,-41.97,40.1,-78.31,-0.0023,0.0005,-0.11960000000000001,0.9982000000000001,0.0011,-0.00030000000000000003,0.059800000000000006,0.001,0.0,-0.004
2025-10-27 11:13:02.520,135.05,-0.001,0.0,0.0,-0.023,-0.022,-0.986,-41.5,40.1,-79.04,-0.0024000000000000002,0.0005,-0.11960000000000001,0.9982000000000001,0.0011,-0.00030000000000000003,0.059800000000000006,0.0,0.0,-0.004
2025-10-27 11:13:02.640,135.06,0.0,0.0,0.0,-0.024,-0.024,-0.987,-40.54,40.57,-78.92,-0.0023,0.0004,-0.11960000000000001,0.9982000000000001,0.0011,-0.00030000000000000003,0.059800000000000006,0.001,0.001,-0.004
2025-10-27 11:13:02.700,135.18,0.0,0.001,0.0,-0.023,-0.023,-0.987,-41.94,40.42,-79.21000000000001,-0.0023,0.00030000000000000003,-0.1197,0.9982000000000001,0.0011,-0.0002,0.059800000000000006,0.0,0.0,-0.004
2025-10-27 11:13:02.760,135.19,0.002,0.0,0.0,-0.024,-0.022,-0.987,-41.94,40.42,-79.21000000000001,-0.0023,0.00030000000000000003,-0.1197,0.9982000000000001,0.0011,-0.0002,0.059800000000000006,0.001,0.0,-0.004
2025-10-27 11:13:02.880,135.2,0.0,0.002,0.0,-0.023,-0.023,-0.987,-42.03,40.42,-78.92,-0.0023,0.00030000000000000003,-0.1197,0.9982000000000001,0.0011,-0.0002,0.059800000000000006,0.0,0.0,-0.004
2025-10-27 11:13:02.940,135.21,0.001,0.001,0.0,-0.024,-0.022,-0.986,-42.06,40.54,-79.39,-0.0023,0.00030000000000000003,-0.1197,0.9982000000000001,0.0011,-0.0002,0.059800000000000006,0.001,0.0,-0.004
2025-10-27 11:13:03.000,135.22,0.0,0.0,0.0,-0.023,-0.022,-0.986,-41.62,40.01,-78.98,-0.0023,0.00030000000000000003,-0.1197,0.9982000000000001,0.0011,-0.0002,0.059800000000000006,0.0,0.0,-0.004
2025-10-27 11:13:03.119,135.23,0.0,0.001,0.0,-0.023,-0.022,-0.986,-41.62,40.01,-78.98,-0.0023,0.0004,-0.1197,0.9982000000000001,0.0011,-0.0002,0.059800000000000006,0.0,0.0,-0.004
2025-10-27 11:13:03.181,135.24,0.001,0.001,0.0,-0.022,-0.022,-0.988,-41.97,40.22,-78.57000000000001,-0.0022,0.0004,-0.1197,0.9982000000000001,0.0011,-0.0002,0.059800000000000006,0.0,0.0,-0.003
2025-10-27 11:13:03.302,135.25,0.0,-0.001,0.0,-0.024,-0.022,-0.987,-42.09,40.33,-79.36,-0.0022,0.00030000000000000003,-0.1197,0.9982000000000001,0.0011,-0.0002,0.059800000000000006,0.001,0.0,-0.004
2025-10-27 11:13:03.360,135.26,0.0,-0.001,0.001,-0.024,-0.021,-0.986,-41.88,40.660000000000004,-79.09,-0.0022,0.00030000000000000003,-0.11960000000000001,0.9982000000000001,0.0011,-0.0002,0.059800000000000006,0.001,-0.001,-0.005
2025-10-27 11:13:03.420,135.27,0.0,0.0,0.0,-0.024,-0.023,-0.985,-41.88,40.22,-78.95,-0.0022,0.00030000000000000003,-0.11960000000000001,0.9982000000000001,0.0011,-0.0002,0.059800000000000006,0.001,0.0,-0.006
2025-10-27 11:13:03.541,135.28,0.0,-0.001,0.0,-0.023,-0.023,-0.986,-41.88,40.22,-78.95,-0.0022,0.00030000000000000003,-0.11960000000000001,0.9982000000000001,0.0011,-0.0002,0.059800000000000006,0.0,0.0,-0.004
2025-10-27 11:13:03.660,135.29,0.0,0.0,0.0,-0.023,-0.023,-0.986,-41.88,40.25,-79.15,-0.0022,0.00030000000000000003,-0.11960000000000001,0.9982000000000001,0.0011,-0.0002,0.059800000000000006,0.0,0.0,-0.005
2025-10-27 11:13:03.720,135.3,0.0,0.001,0.0,-0.023,-0.023,-0.987,-40.13,39.95,-79.71000000000001,-0.0022,0.00030000000000000003,-0.11960000000000001,0.9982000000000001,0.0011,-0.0002,0.059800000000000006,0.0,0.0,-0.004
2025-10-27 11:13:03.781,135.31,0.001,-0.001,0.0,-0.023,-0.022,-0.987,-41.33,40.04,-79.15,-0.0022,0.00030000000000000003,-0.11960000000000001,0.9982000000000001,0.0011,-0.0002,0.0597,0.0,0.0,-0.004
2025-10-27 11:13:03.901,135.32,0.0,0.0,0.0,-0.023,-0.023,-0.987,-41.39,39.980000000000004,-79.47,-0.0022,0.00030000000000000003,-0.11960000000000001,0.9982000000000001,0.0011,-0.0002,0.0597,0.0,0.0,-0.004
2025-10-27 11:13:03.960,135.33,0.0,0.0,0.0,-0.023,-0.023,-0.986,-41.39,39.980000000000004,-79.47,-0.0022,0.00030000000000000003,-0.11960000000000001,0.9982000000000001,0.0011,-0.0002,0.059800000000000006,0.0,0.0,-0.004
2025-10-27 11:13:04.021,135.34,0.0,0.001,0.0,-0.023,-0.022,-0.987,-41.5,40.28,-79.18,-0.0022,0.00030000000000000003,-0.11960000000000001,0.9982000000000001,0.0011,-0.0002,0.0597,0.0,0.0,-0.003
2025-10-27 11:13:04.140,135.35,0.0,0.0,0.0,-0.023,-0.022,-0.986,-41.300000000000004,40.54,-79.33,-0.0022,0.00030000000000000003,-0.11960000000000001,0.9982000000000001,0.0011,-0.0002,0.0597,0.0,0.0,-0.005
2025-10-27 11:13:04.200,135.36,0.0,0.0,0.0,-0.023,-0.023,-0.987,-40.63,38.730000000000004,-79.21000000000001,-0.0022,0.00030000000000000003,-0.11960000000000001,0.9982000000000001,0.0011,-0.0002,0.0597,0.0,0.0,-0.004
2025-10-27 11:13:04.320,136.02,0.001,0.0,0.0,-0.024,-0.023,-0.986,-40.13,39.34,-78.42,-0.0021000000000000003,0.0,-0.1197,0.9982000000000001,0.0011,0.0,0.059800000000000006,0.001,0.0,-0.005
2025-10-27 11:13:04.380,136.03,0.0,0.0,0.0,-0.023,-0.023,-0.986,-41.53,40.39,-78.66,-0.0021000000000000003,0.0,-0.1197,0.9982000000000001,0.001,0.0,0.059800000000000006,0.0,0.0,-0.005
2025-10-27 11:13:04.440,136.04,0.0,-0.001,0.0,-0.023,-0.023,-0.986,-41.39,40.33,-78.22,-0.0021000000000000003,-0.0001,-0.1197,0.9982000000000001,0.001,0.0,0.059800000000000006,0.0,0.0,-0.004
2025-10-27 11:13:04.560,136.05,0.0,0.0,0.0,-0.023,-0.023,-0.987,-41.39,40.33,-78.22,-0.0021000000000000003,-0.0001,-0.1197,0.9982000000000001,0.001,0.0,0.059800000000000006,0.0,0.0,-0.004
2025-10-27 11:13:04.620,136.06,0.0,0.001,0.0,-0.023,-0.023,-0.987,-41.82,39.69,-78.31,-0.0021000000000000003,0.0,-0.1197,0.9982000000000001,0.001,0.0,0.059800000000000006,0.0,0.0,-0.004
2025-10-27 11:13:04.681,136.07,0.0,0.0,0.0,-0.023,-0.023,-0.986,-41.71,40.19,-78.48,-0.0021000000000000003,0.0,-0.1197,0.9982000000000001,0.001,0.0,0.059800000000000006,0.0,0.0,-0.005
2025-10-27 11:13:04.801,136.08,0.0,0.0,0.0,-0.024,-0.023,-0.986,-41.74,40.42,-78.83,-0.0021000000000000003,0.0,-0.1197,0.9982000000000001,0.001,0.0,0.059800000000000006,0.0,0.0,-0.004
2025-10-27 11:13:04.860,136.09,-0.001,0.0,0.0,-0.023,-0.023,-0.987,-41.74,40.42,-78.83,-0.0021000000000000003,0.0,-0.1197,0.9982000000000001,0.001,0.0,0.059800000000000006,0.0,0.0,-0.004
2025-10-27 11:13:04.920,136.1,0.0,0.001,0.0,-0.024,-0.023,-0.986,-41.82,40.45,-78.69,-0.0021000000000000003,0.0,-0.1197,0.9982000000000001,0.001,0.0,0.059800000000000006,0.001,0.0,-0.004
2025-10-27 11:13:05.041,136.11,0.0,0.0,0.0,-0.023,-0.023,-0.986,-41.39,40.300000000000004,-78.51,-0.0021000000000000003,0.0,-0.1197,0.9982000000000001,0.001,0.0,0.059800000000000006,0.0,0.0,-0.005
2025-10-27 11:13:05.100,136.12,0.0,0.0,0.0,-0.023,-0.022,-0.986,-41.44,40.480000000000004,-79.15,-0.0021000000000000003,-0.0001,-0.1197,0.9982000000000001,0.001,0.0,0.059800000000000006,0.0,0.0,-0.004
2025-10-27 11:13:05.220,136.13,0.0,-0.001,0.0,-0.023,-0.023,-0.987,-41.47,40.300000000000004,-78.92,-0.0021000000000000003,-0.0001,-0.1197,0.9982000000000001,0.001,0.0,0.059800000000000006,0.0,0.0,-0.004
2025-10-27 11:13:05.280,136.14,-0.001,0.0,0.0,-0.023,-0.023,-0.987,-41.47,40.300000000000004,-78.92,-0.0021000000000000003,-0.0001,-0.1197,0.9982000000000001,0.001,0.0,0.059800000000000006,0.0,0.0,-0.004
2025-10-27 11:13:05.340,136.15,0.0,0.0,0.0,-0.022,-0.023,-0.986,-41.33,40.25,-79.09,-0.0021000000000000003,-0.0001,-0.1197,0.9982000000000001,0.001,0.0,0.059800000000000006,0.0,0.0,-0.005
2025-10-27 11:13:05.460,136.16,0.001,-0.001,0.0,-0.024,-0.022,-0.986,-41.36,40.04,-79.15,-0.0021000000000000003,-0.0001,-0.1197,0.9982000000000001,0.001,0.0,0.059800000000000006,0.0,0.0,-0.005
2025-10-27 11:13:05.520,136.17,0.0,0.0,0.0,-0.023,-0.023,-0.987,-41.01,39.92,-78.83,-0.0021000000000000003,-0.0001,-0.1197,0.9982000000000001,0.001,0.0,0.059800000000000006,0.0,0.0,-0.004
2025-10-27 11:13:05.580,136.18,0.0,0.001,0.0,-0.024,-0.023,-0.988,-41.27,39.63,-79.21000000000001,-0.0021000000000000003,-0.0001,-0.1197,0.9982000000000001,0.001,0.0,0.059800000000000006,0.0,0.0,-0.003
2025-10-27 11:13:05.700,136.19,0.0,-0.001,0.0,-0.023,-0.022,-0.987,-41.27,39.63,-79.21000000000001,-0.0021000000000000003,-0.0001,-0.1197,0.9982000000000001,0.001,0.0,0.059800000000000006,0.0,0.0,-0.004
2025-10-27 11:13:05.760,136.2,0.0,0.0,0.0,-0.023,-0.023,-0.987,-41.18,40.01,-78.86,-0.0021000000000000003,-0.0001,-0.1197,0.9982000000000001,0.001,0.0,0.059800000000000006,0.0,0.0,-0.004
2025-10-27 11:13:05.820,137.64,0.001,-0.001,0.0,-0.023,-0.023,-0.987,-40.04,40.04,-78.45,-0.002,-0.0004,-0.1197,0.9982000000000001,0.001,0.0001,0.059800000000000006,0.0,0.0,-0.003
2025-10-27 11:13:05.940,137.65,-0.001,0.0,0.0,-0.023,-0.023,-0.986,-41.09,39.980000000000004,-79.07000000000001,-0.002,-0.0004,-0.1197,0.9982000000000001,0.001,0.0001,0.059800000000000006,0.0,0.0,-0.005
2025-10-27 11:13:06.000,137.66,0.0,0.001,0.0,-0.022,-0.023,-0.986,-41.47,40.45,-78.89,-0.002,-0.0004,-0.1197,0.9982000000000001,0.001,0.0001,0.059800000000000006,0.0,0.0,-0.005
2025-10-27 11:13:06.061,137.67,0.0,0.0,0.0,-0.023,-0.023,-0.986,-41.47,40.45,-78.89,-0.002,-0.0004,-0.1197,0.9982000000000001,0.001,0.0001,0.059800000000000006,0.0,0.0,-0.004
2025-10-27 11:13:06.180,137.68,0.0,-0.001,0.0,-0.023,-0.023,-0.986,-41.5,40.22,-79.27,-0.002,-0.0004,-0.1197,0.9982000000000001,0.001,0.0001,0.059800000000000006,0.0,0.0,-0.005
2025-10-27 11:13:06.240,137.69,0.001,0.0,0.0,-0.022,-0.023,-0.987,-41.44,40.01,-78.95,-0.002,-0.0004,-0.1197,0.9982000000000001,0.001,0.0001,0.059800000000000006,0.0,0.0,-0.004
2025-10-27 11:13:06.360,137.7,0.0,0.0,0.0,-0.023,-0.023,-0.987,-41.18,39.75,-78.60000000000001,-0.0019,-0.0004,-0.1197,0.9982000000000001,0.001,0.0001,0.059800000000000006,0.0,0.0,-0.004
2025-10-27 11:13:06.421,137.71,0.0,-0.001,0.0,-0.024,-0.023,-0.986,-41.47,40.04,-79.45,-0.0019,-0.0004,-0.1197,0.9982000000000001,0.001,0.0001,0.059800000000000006,0.0,0.0,-0.005
2025-10-27 11:13:06.480,137.72,0.0,0.0,0.0,-0.024,-0.023,-0.987,-41.47,40.04,-79.45,-0.0019,-0.0004,-0.1197,0.9982000000000001,0.001,0.0001,0.059800000000000006,0.0,0.0,-0.004
2025-10-27 11:13:06.600,137.73,0.0,0.0,0.0,-0.023,-0.023,-0.985,-41.36,39.81,-79.12,-0.002,-0.0004,-0.1197,0.9982000000000001,0.001,0.0001,0.059800000000000006,0.0,0.0,-0.005
2025-10-27 11:13:06.660,137.74,0.0,0.0,0.0,-0.024,-0.022,-0.986,-41.68,40.07,-79.27,-0.0019,-0.0004,-0.1197,0.9982000000000001,0.001,0.0001,0.059800000000000006,0.0,0.0,-0.005
2025-10-27 11:13:06.721,137.75,0.0,0.001,0.0,-0.024,-0.024,-0.987,-41.39,39.84,-78.95,-0.002,-0.0004,-0.1197,0.9982000000000001,0.001,0.0001,0.059800000000000006,0.0,0.0,-0.004
2025-10-27 11:13:06.840,137.76,0.001,0.0,0.0,-0.024,-0.023,-0.987,-41.65,40.42,-79.15,-0.0019,-0.0004,-0.1197,0.9982000000000001,0.001,0.0001,0.059800000000000006,0.0,0.0,-0.004
2025-10-27 11:13:06.960,137.77,-0.001,0.001,0.0,-0.023,-0.023,-0.988,-41.65,40.42,-79.15,-0.0019,-0.0004,-0.1197,0.9982000000000001,0.001,0.0001,0.059800000000000006,0.0,0.0,-0.003
2025-10-27 11:13:07.020,137.78,0.001,0.0,0.0,-0.024,-0.023,-0.986,-41.800000000000004,40.04,-78.69,-0.0019,-0.0004,-0.1197,0.9982000000000001,0.0009000000000000001,0.0001,0.059800000000000006,0.0,0.0,-0.005
2025-10-27 11:13:07.081,137.79,-0.001,-0.001,0.0,-0.024,-0.023,-0.987,-41.62,40.19,-79.12,-0.0019,-0.0004,-0.1197,0.9982000000000001,0.001,0.0001,0.059800000000000006,0.0,0.0,-0.004
2025-10-27 11:13:07.200,137.8,-0.001,0.0,0.0,-0.024,-0.023,-0.987,-41.910000000000004,39.43,-79.12,-0.002,-0.0004,-0.1197,0.9982000000000001,0.001,0.0001,0.059800000000000006,0.0,0.0,-0.004
2025-10-27 11:13:07.260,137.81,0.001,0.0,0.0,-0.024,-0.022,-0.987,-41.910000000000004,39.43,-79.12,-0.0019,-0.0004,-0.1197,0.9982000000000001,0.001,0.0001,0.059800000000000006,0.0,0.0,-0.004
2025-10-27 11:13:07.321,137.82,0.0,0.0,0.0,-0.023,-0.022,-0.986,-41.21,39.84,-79.01,-0.0019,-0.0004,-0.1197,0.9982000000000001,0.001,0.0001,0.059800000000000006,0.0,0.0,-0.005
2025-10-27 11:13:07.440,139.38,-0.001,0.0,0.0,-0.024,-0.023,-0.986,-42.09,40.22,-78.74,-0.0019,-0.0005,-0.1197,0.9982000000000001,0.0009000000000000001,0.0002,0.059800000000000006,0.0,0.0,-0.005
2025-10-27 11:13:07.501,139.39,0.0,0.0,0.0,-0.024,-0.023,-0.987,-42.09,40.22,-78.74,-0.0019,-0.0005,-0.1197,0.9982000000000001,0.0009000000000000001,0.0002,0.059800000000000006,0.0,0.0,-0.004
2025-10-27 11:13:07.620,139.4,0.0,-0.001,-0.001,-0.023,-0.023,-0.986,-41.68,40.660000000000004,-79.12,-0.0019,-0.0005,-0.1197,0.9982000000000001,0.0009000000000000001,0.0002,0.059800000000000006,0.0,0.0,-0.004
2025-10-27 11:13:07.681,139.41,0.0,0.0,0.0,-0.023,-0.023,-0.987,-41.53,40.51,-78.66,-0.0019,-0.0005,-0.1197,0.9982000000000001,0.0009000000000000001,0.0002,0.059800000000000006,0.0,0.0,-0.004
2025-10-27 11:13:07.801,139.42,0.0,0.0,0.0,-0.023,-0.023,-0.987,-40.57,39.28,-78.63,-0.0019,-0.0005,-0.1197,0.9982000000000001,0.0009000000000000001,0.0002,0.059800000000000006,0.0,0.0,-0.004
2025-10-27 11:13:07.861,139.43,0.0,0.0,0.001,-0.023,-0.023,-0.986,-41.53,40.1,-79.01,-0.0019,-0.0005,-0.1197,0.9982000000000001,0.0009000000000000001,0.0002,0.059800000000000006,0.0,0.0,-0.005
2025-10-27 11:13:07.920,139.44,0.0,0.0,0.0,-0.023,-0.023,-0.987,-41.53,40.1,-79.01,-0.0019,-0.0005,-0.1197,0.9982000000000001,0.0009000000000000001,0.0002,0.059800000000000006,0.0,0.0,-0.003
2025-10-27 11:13:08.040,139.45,0.0,0.0,0.0,-0.023,-0.023,-0.986,-42.06,40.42,-78.69,-0.0019,-0.0005,-0.1197,0.9982000000000001,0.0009000000000000001,0.0002,0.059800000000000006,0.0,0.0,-0.005
2025-10-27 11:13:08.101,139.46,0.0,-0.001,0.0,-0.023,-0.023,-0.986,-42.0,40.33,-78.95,-0.0019,-0.0005,-0.1197,0.9982000000000001,0.0009000000000000001,0.0002,0.059800000000000006,0.0,0.0,-0.004
2025-10-27 11:13:08.220,139.47,0.0,0.0,0.0,-0.023,-0.024,-0.986,-41.800000000000004,40.39,-78.71000000000001,-0.0019,-0.0005,-0.1197,0.9982000000000001,0.0009000000000000001,0.0002,0.059800000000000006,0.0,0.0,-0.005
2025-10-27 11:13:08.280,139.48,0.0,0.001,0.0,-0.024,-0.023,-0.987,-41.77,40.6,-78.51,-0.0019,-0.0005,-0.1197,0.9982000000000001,0.0009000000000000001,0.0002,0.059800000000000006,0.0,0.0,-0.004
2025-10-27 11:13:08.400,139.49,0.0,0.0,0.001,-0.023,-0.023,-0.986,-41.77,40.6,-78.51,-0.0019,-0.0005,-0.1197,0.9982000000000001,0.0009000000000000001,0.0002,0.059800000000000006,0.0,0.0,-0.005
2025-10-27 11:13:08.460,139.5,0.0,0.0,0.0,-0.023,-0.023,-0.987,-41.77,40.95,-78.22,-0.0019,-0.0005,-0.1197,0.9982000000000001,0.0009000000000000001,0.0002,0.059800000000000006,0.0,0.0,-0.004
2025-10-27 11:13:08.520,139.51,0.0,-0.001,0.0,-0.023,-0.023,-0.986,-42.12,40.68,-78.71000000000001,-0.0019,-0.0005,-0.1197,0.9982000000000001,0.0009000000000000001,0.0002,0.059800000000000006,0.0,0.0,-0.005
2025-10-27 11:13:08.640,139.52,0.0,0.001,0.001,-0.023,-0.023,-0.986,-42.03,40.54,-78.74,-0.0019,-0.0005,-0.1197,0.9982000000000001,0.0009000000000000001,0.0002,0.059800000000000006,0.0,0.0,-0.004
2025-10-27 11:13:08.700,139.53,0.0,0.0,0.0,-0.023,-0.023,-0.986,-42.03,40.54,-78.74,-0.0019,-0.0005,-0.1197,0.9982000000000001,0.0009000000000000001,0.0002,0.059800000000000006,0.0,0.0,-0.004
2025-10-27 11:13:08.819,139.54,0.0,0.0,-0.001,-0.023,-0.023,-0.988,-41.74,40.13,-79.01,-0.0019,-0.0005,-0.1197,0.9982000000000001,0.0009000000000000001,0.0002,0.059800000000000006,0.0,0.0,-0.003
2025-10-27 11:13:08.881,139.55,0.0,0.0,0.001,-0.023,-0.023,-0.986,-41.56,40.33,-78.69,-0.0019,-0.0005,-0.1197,0.9982000000000001,0.0009000000000000001,0.0002,0.059800000000000006,0.0,0.0,-0.005
